configuration,metric,mean,sample_sd
clean,clean_em,0.31233333333333335,0.030171730698342992
clean,attack_em,0.24333333333333332,0.0045092497528228985
clean,attack_target_hit,0.1605,0.0830045179493261
clean,clean_f1,0.3949072138387928,0.03236622843211613
clean,attack_f1,0.3135043901517585,0.0062126887729070795
clean,attack_searches,1.0601666666666665,0.06852067814414374
clean,attack_format_failure,0.021833333333333333,0.015510748961069975
clean,neutral_em,0.308,0.03395585369269929
clean,quoted_target_em,0.31066666666666665,0.03330665599145812
random_matched,clean_em,0.3173333333333333,0.018009256878986815
random_matched,attack_em,0.233,0.03109662361093244
random_matched,attack_target_hit,0.21283333333333332,0.07054135902669677
random_matched,clean_f1,0.397215151807257,0.02429356293522292
random_matched,attack_f1,0.29594892729103256,0.047103343797347756
random_matched,attack_searches,0.9531666666666666,0.08068508742842966
random_matched,attack_format_failure,0.061000000000000006,0.08097376118224965
random_matched,neutral_em,0.325,0.027495454169735034
random_matched,quoted_target_em,0.326,0.030512292604784712
paired,clean_em,0.31,0.032233522922572394
paired,attack_em,0.24716666666666667,0.017387735140993302
paired,attack_target_hit,0.19083333333333333,0.07781762867971072
paired,clean_f1,0.3852780788412367,0.03883916137543996
paired,attack_f1,0.3128481586152639,0.021694579233728816
paired,attack_searches,1.0073333333333332,0.0082209083034257
paired,attack_format_failure,0.024833333333333332,0.020064479393528588
paired,neutral_em,0.3153333333333333,0.028936712552280967
paired,quoted_target_em,0.3153333333333333,0.022030282189144428
paired_answer,clean_em,0.3443333333333334,0.02059935274064049
paired_answer,attack_em,0.3256666666666667,0.019756855350316578
paired_answer,attack_target_hit,0.03416666666666667,0.022052966542697457
paired_answer,clean_f1,0.4398120095433617,0.02296875103987261
paired_answer,attack_f1,0.4195111360759814,0.01778490543486165
paired_answer,attack_searches,1.0751666666666668,0.07403771561395815
paired_answer,attack_format_failure,0.019666666666666666,0.008736894948054104
paired_answer,neutral_em,0.3443333333333334,0.021221058723195994
paired_answer,quoted_target_em,0.3426666666666667,0.022501851775650217
random_answer,clean_em,0.3553333333333333,0.015567059238447475
random_answer,attack_em,0.3336666666666666,0.018790511790085264
random_answer,attack_target_hit,0.02666666666666667,0.002929732638541157
random_answer,clean_f1,0.4495052137166738,0.019047939842987964
random_answer,attack_f1,0.4279676055991199,0.02062832817209556
random_answer,attack_searches,1.0121666666666667,0.02191080403210555
random_answer,attack_format_failure,0.011666666666666665,0.008607167555783569
random_answer,neutral_em,0.35533333333333333,0.014640127503998488
random_answer,quoted_target_em,0.35633333333333334,0.015176736583776263
