configuration,seed,loop_seconds,consumed_attacks,optimizer_steps,accepted_ce_examples,answer_loss_tokens,training_allocated_gpu_hours,rl_sequence_nonpadding_tokens,rl_sequence_padded_tokens,rl_loss_tokens,backend_generated_tokens,backend_requested_input_tokens,backend_calls,aux_sequence_nonpadding_tokens_including_dp_padding,aux_sequence_padded_tokens,aux_loss_tokens
paired_answer,20261012,2714.451907608658,300,68,68,253,3.715111903797628,3668903,10235968,1002320,1012764,6620960,11196,106827,113636,253
clean,20261012,2719.168388230726,0,78,0,0,3.717957142952623,3761824,10801024,854744,852732,6876330,13129,,,
paired,20261012,2724.6154512800276,300,78,0,0,3.79391857820563,3831624,10175296,836930,848133,6739735,12429,,,
random_matched,20261012,2723.7498461157084,300,76,0,0,3.671183197148558,3809170,10273664,937629,935697,7028368,13076,,,
random_answer,20261012,2725.248705212958,300,63,74,262,3.9595932698891394,3654667,10470784,1243016,1241904,7080808,11683,107259,113216,262
random_matched,20261013,2713.713573261164,300,71,0,0,3.6697601452004163,3742952,10504768,1008091,1006073,6749197,12150,,,
random_answer,20261013,2710.5506856860593,300,67,75,296,3.7076879702943066,3541194,10129920,1064045,1061874,6268705,11179,116609,125184,296
paired_answer,20261013,2716.918354540132,300,66,72,314,3.671130618280214,3547595,9795456,1006341,1015457,6433444,11029,113376,120252,314
clean,20261013,2710.1920116795227,0,74,0,0,3.644175024949428,3643507,9996480,922706,920429,6428608,12245,,,
paired,20261013,2702.411171090789,300,77,0,0,3.704668322240727,3809850,10649792,783056,790399,6788102,12405,,,
paired_answer,20261014,2724.7475920431316,300,68,60,238,3.6965748534123932,3533022,9975232,900063,908865,6112117,10738,91389,101220,238
paired,20261014,2710.549219547771,300,70,0,0,3.6983133488934903,3648797,10065088,981068,993165,6854791,11939,,,
random_matched,20261014,2715.6321745608,300,73,0,0,3.6986904328068095,3528793,10054528,837992,835615,6259461,11973,,,
clean,20261014,2716.0083371615037,0,73,0,0,3.6697645638779632,3806705,10908544,982897,980405,6863404,12371,,,
random_answer,20261014,2714.7741301264614,300,70,70,267,3.7822035941522985,3421336,9502592,865800,862893,5652356,10894,103864,110276,267
