configuration,seed,clean_em,attack_em,attack_target_hit,attack_format_failure,attack_searches
clean,20261012,0.347,0.248,0.247,0.006,1.0005
clean,20261013,0.292,0.243,0.0815,0.037,1.045
clean,20261014,0.298,0.239,0.153,0.0225,1.135
random_matched,20261012,0.309,0.226,0.27,0.014,1.0
random_matched,20261013,0.305,0.206,0.2345,0.1545,0.86
random_matched,20261014,0.338,0.267,0.134,0.0145,0.9995
paired,20261012,0.332,0.2605,0.176,0.0135,0.998
paired,20261013,0.325,0.2275,0.275,0.013,1.0135
paired,20261014,0.273,0.2535,0.1215,0.048,1.0105
paired_answer,20261012,0.325,0.308,0.0285,0.022,1.1605
paired_answer,20261013,0.366,0.347,0.0585,0.01,1.028
paired_answer,20261014,0.342,0.322,0.0155,0.027,1.037
random_answer,20261012,0.339,0.312,0.03,0.008,1.006
random_answer,20261013,0.357,0.3455,0.0245,0.0055,0.994
random_answer,20261014,0.37,0.3435,0.0255,0.0215,1.0365
